profile,D_over_C,alpha_integrated,zeta_omega_Lw_over_C,P_C_reflect,P_D_reflect_left,P_C_transmit,P_D_transmit_forward,P_D_total,two_wall_forward_echo,delta_wall_forward_P,forward_over_delta,born_forward_over_delta,born_backward_over_delta,flux_sum,flux_error
square,1.000000000e+00,1.000000000e-02,1.000000000e-03,9.997998079e-09,9.997996968e-05,9.998000300e-01,9.998000301e-05,1.999599727e-04,9.996001001e-09,9.998000300e-05,1.000000000e+00,1.000000000e+00,9.999996667e-01,1.000000000e+00,0.000000000e+00
square,1.000000000e+00,1.000000000e-02,1.000000000e-02,9.997778182e-09,9.997667078e-05,9.998000333e-01,9.998000373e-05,1.999566745e-04,9.996001146e-09,9.998000300e-05,1.000000007e+00,1.000000000e+00,9.999666671e-01,1.000000000e+00,1.110223025e-16
square,1.000000000e+00,1.000000000e-02,1.000000000e-01,9.975810481e-09,9.964722017e-05,9.998003627e-01,9.998007620e-05,1.996272964e-04,9.996015637e-09,9.998000300e-05,1.000000732e+00,1.000000000e+00,9.966711079e-01,1.000000000e+00,2.220446049e-16
square,1.000000000e+00,1.000000000e-02,3.000000000e-01,9.799881003e-09,9.701671146e-05,9.998029928e-01,9.998065410e-05,1.969973656e-04,9.996131194e-09,9.998000300e-05,1.000006512e+00,1.000000000e+00,9.703576949e-01,1.000000000e+00,1.110223025e-16
square,1.000000000e+00,1.000000000e-02,1.000000000e+00,7.986561921e-09,7.079577052e-05,9.998292099e-01,9.998633264e-05,1.707821032e-04,9.997266715e-09,9.998000300e-05,1.000063309e+00,1.000000000e+00,7.080734183e-01,1.000000000e+00,2.220446049e-16
square,1.000000000e+00,1.000000000e-02,3.000000000e+00,1.216968001e-09,2.213946151e-07,9.998997785e-01,9.999892575e-05,1.002203204e-04,9.999785151e-09,9.998000300e-05,1.000189265e+00,1.000000000e+00,2.212761853e-03,1.000000000e+00,4.440892099e-16
square,1.000000000e+00,1.000000000e-02,1.000000000e+01,9.115406581e-11,2.958868967e-07,9.998997073e-01,9.999676878e-05,1.002926557e-04,9.999353767e-09,9.998000300e-05,1.000167691e+00,1.000000000e+00,2.959589691e-03,1.000000000e+00,6.661338148e-16
square,1.000000000e+00,1.000000000e-02,3.000000000e+01,1.123456592e-11,1.084458899e-07,9.998998949e-01,9.999665651e-05,1.001051024e-04,9.999331313e-09,9.998000300e-05,1.000166568e+00,1.000000000e+00,1.084673878e-03,1.000000000e+00,6.661338148e-16
square,1.000000000e+00,1.000000000e-01,1.000000000e-03,9.802958371e-05,9.802957265e-03,9.802960526e-01,9.802960565e-03,1.960591783e-02,9.609803584e-05,9.802960494e-03,1.000000007e+00,1.000000000e+00,9.999996667e-01,1.000000000e+00,2.220446049e-16
square,1.000000000e+00,1.000000000e-01,1.000000000e-02,9.802748218e-05,9.802637555e-03,9.802963674e-01,9.802967584e-03,1.960560514e-02,9.609817345e-05,9.802960494e-03,1.000000723e+00,1.000000000e+00,9.999666671e-01,1.000000000e+00,2.220446049e-16
square,1.000000000e+00,1.000000000e-01,1.000000000e-01,9.781752416e-05,9.770708124e-03,9.803278059e-01,9.803668493e-03,1.957437662e-02,9.611191593e-05,9.802960494e-03,1.000072223e+00,1.000000000e+00,9.966711079e-01,1.000000000e+00,6.661338148e-16
square,1.000000000e+00,1.000000000e-01,3.000000000e-01,9.613505016e-05,9.515689745e-03,9.805789147e-01,9.809260532e-03,1.932495028e-02,9.622159218e-05,9.802960494e-03,1.000642667e+00,1.000000000e+00,9.703576949e-01,1.000000000e+00,2.220446049e-16
square,1.000000000e+00,1.000000000e-01,1.000000000e+00,7.869014235e-05,6.966099832e-03,9.830907506e-01,9.864459384e-03,1.683055922e-02,9.730755894e-05,9.802960494e-03,1.006273502e+00,1.000000000e+00,7.080734183e-01,1.000000000e+00,2.220446049e-16
square,1.000000000e+00,1.000000000e-01,3.000000000e+00,1.208158611e-05,2.343777837e-05,9.899754636e-01,9.989017079e-03,1.001245486e-02,9.978046221e-05,9.802960494e-03,1.018979632e+00,1.000000000e+00,2.212761853e-03,1.000000000e+00,3.330669074e-16
square,1.000000000e+00,1.000000000e-01,1.000000000e+01,8.992887359e-07,2.888829384e-05,9.900024898e-01,9.967722585e-03,9.996610879e-03,9.935549353e-05,9.802960494e-03,1.016807381e+00,1.000000000e+00,2.959589691e-03,1.000000000e+00,1.554312234e-15
square,1.000000000e+00,1.000000000e-01,3.000000000e+01,1.108784279e-07,1.063354316e-05,9.900226445e-01,9.966611029e-03,9.977244572e-03,9.933333540e-05,9.802960494e-03,1.016693991e+00,1.000000000e+00,1.084673878e-03,1.000000000e+00,2.220446049e-15
square,1.000000000e+00,1.000000000e+00,1.000000000e-03,2.499999889e-01,2.499999167e-01,2.500000111e-01,2.500000833e-01,5.000000000e-01,6.250004167e-02,2.500000000e-01,1.000000333e+00,1.000000000e+00,9.999996667e-01,1.000000000e+00,2.220446049e-16
square,1.000000000e+00,1.000000000e+00,1.000000000e-02,2.499988888e-01,2.499916668e-01,2.500011110e-01,2.500083333e-01,5.000000001e-01,6.250416674e-02,2.500000000e-01,1.000033333e+00,1.000000000e+00,9.999666671e-01,1.000000000e+00,0.000000000e+00
square,1.000000000e+00,1.000000000e+00,1.000000000e-01,2.498882037e-01,2.491678926e-01,2.501104324e-01,2.508334713e-01,5.000013639e-01,6.291743032e-02,2.500000000e-01,1.003333885e+00,1.000000000e+00,9.966711079e-01,1.000000000e+00,2.220446049e-16
square,1.000000000e+00,1.000000000e+00,3.000000000e-01,2.489447592e-01,2.426002573e-01,2.509449811e-01,2.575100024e-01,5.001102597e-01,6.631140132e-02,2.500000000e-01,1.030040009e+00,1.000000000e+00,9.703576949e-01,1.000000000e+00,4.440892099e-16
square,1.000000000e+00,1.000000000e+00,1.000000000e+00,2.325904127e-01,1.799900154e-01,2.544381896e-01,3.329813823e-01,5.129713977e-01,1.108766010e-01,2.500000000e-01,1.331925529e+00,1.000000000e+00,7.080734183e-01,1.000000000e+00,4.440892099e-16
square,1.000000000e+00,1.000000000e+00,3.000000000e+00,4.448932403e-02,9.251873433e-02,1.871305501e-01,6.758613915e-01,7.683801258e-01,4.567886205e-01,2.500000000e-01,2.703445566e+00,1.000000000e+00,2.212761853e-03,1.000000000e+00,2.220446049e-16
square,1.000000000e+00,1.000000000e+00,1.000000000e+01,1.725713152e-03,3.731376884e-03,2.845188754e-01,7.100240345e-01,7.137554114e-01,5.041341296e-01,2.500000000e-01,2.840096138e+00,1.000000000e+00,2.959589691e-03,1.000000000e+00,1.110223025e-16
square,1.000000000e+00,1.000000000e+00,3.000000000e+01,2.347730506e-04,1.083881519e-04,2.915440447e-01,7.081127941e-01,7.082211823e-01,5.014237292e-01,2.500000000e-01,2.832451176e+00,1.000000000e+00,1.084673878e-03,1.000000000e+00,1.332267630e-15
square,1.200000000e+00,1.000000000e-02,1.000000000e-03,9.997998248e-09,9.997997500e-05,9.998000300e-01,9.998000277e-05,1.999599778e-04,9.996000955e-09,9.998000300e-05,9.999999977e-01,9.999999977e-01,9.999997199e-01,1.000000000e+00,2.220446049e-16
square,1.200000000e+00,1.000000000e-02,1.000000000e-02,9.997795145e-09,9.997720300e-05,9.998000328e-01,9.997998047e-05,1.999571835e-04,9.995996495e-09,9.998000300e-05,9.999997747e-01,9.999997685e-01,9.999719911e-01,1.000000000e+00,0.000000000e+00
square,1.200000000e+00,1.000000000e-02,1.000000000e-01,9.977503499e-09,9.970031363e-05,9.998003120e-01,9.997775014e-05,1.996780638e-04,9.995550524e-09,9.998000300e-05,9.999774669e-01,9.999768521e-01,9.972022103e-01,1.000000000e+00,6.661338148e-16
square,1.200000000e+00,1.000000000e-02,3.000000000e-01,9.814885382e-09,9.748524458e-05,9.998025452e-01,9.995972331e-05,1.974449679e-04,9.991946284e-09,9.998000300e-05,9.997971625e-01,9.997916840e-01,9.750444823e-01,1.000000000e+00,1.110223025e-16
square,1.200000000e+00,1.000000000e-02,1.000000000e+00,8.126129640e-09,7.493468518e-05,9.998253030e-01,9.975421073e-05,1.746888959e-04,9.950902558e-09,9.998000300e-05,9.977416257e-01,9.976873275e-01,7.494732652e-01,1.000000000e+00,2.220446049e-16
square,1.200000000e+00,1.000000000e-02,3.000000000e+00,1.411610440e-09,1.926340710e-06,9.999001392e-01,9.793304252e-05,9.985938323e-05,9.590880818e-09,9.998000300e-05,9.795263011e-01,9.793395049e-01,1.926150253e-02,1.000000000e+00,2.220446049e-16
square,1.200000000e+00,1.000000000e-02,1.000000000e+01,8.311015927e-11,7.753489779e-08,9.999210329e-01,7.888951008e-05,7.896704498e-05,6.223554801e-09,9.998000300e-05,7.890528877e-01,7.889209546e-01,7.753989140e-04,1.000000000e+00,2.220446049e-16
square,1.200000000e+00,1.000000000e-02,3.000000000e+01,6.230128907e-13,6.465219832e-08,9.999942050e-01,5.730304296e-06,5.794956494e-06,3.283638733e-11,9.998000300e-05,5.731450414e-02,5.730702516e-02,6.465277645e-04,1.000000000e+00,2.553512957e-15
square,1.200000000e+00,1.000000000e-01,1.000000000e-03,9.802958529e-05,9.802957781e-03,9.802960521e-01,9.802960531e-03,1.960591831e-02,9.609803517e-05,9.802960494e-03,1.000000004e+00,9.999999977e-01,9.999997199e-01,1.000000000e+00,2.220446049e-16
square,1.200000000e+00,1.000000000e-01,1.000000000e-02,9.802763975e-05,9.802689153e-03,9.802963190e-01,9.802964178e-03,1.960565333e-02,9.609810667e-05,9.802960494e-03,1.000000376e+00,9.999997685e-01,9.999719911e-01,1.000000000e+00,4.440892099e-16
square,1.200000000e+00,1.000000000e-01,1.000000000e-01,9.783325501e-05,9.775855724e-03,9.803229829e-01,9.803328155e-03,1.957918388e-02,9.610524291e-05,9.802960494e-03,1.000037505e+00,9.999768521e-01,9.972022103e-01,1.000000000e+00,0.000000000e+00
square,1.200000000e+00,1.000000000e-01,3.000000000e-01,9.627468636e-05,9.561137971e-03,9.805363695e-01,9.806217854e-03,1.936735583e-02,9.616190861e-05,9.802960494e-03,1.000332283e+00,9.997916840e-01,9.750444823e-01,1.000000000e+00,1.110223025e-16
square,1.200000000e+00,1.000000000e-01,1.000000000e+00,8.000995579e-05,7.369595280e-03,9.827173947e-01,9.833000022e-03,1.720259530e-02,9.668788943e-05,9.802960494e-03,1.003064332e+00,9.976873275e-01,7.494732652e-01,1.000000000e+00,0.000000000e+00
square,1.200000000e+00,1.000000000e-01,3.000000000e+00,1.401474685e-05,1.946361338e-04,9.900073735e-01,9.783975661e-03,9.978611795e-03,9.572617974e-05,9.802960494e-03,9.980633572e-01,9.793395049e-01,1.926150253e-02,1.000000000e+00,4.440892099e-16
square,1.200000000e+00,1.000000000e-01,1.000000000e+01,8.211993670e-07,7.711171023e-06,9.921280977e-01,7.863369908e-03,7.871081079e-03,6.183258632e-05,9.802960494e-03,8.021423644e-01,7.889209546e-01,7.753989140e-04,1.000000000e+00,6.661338148e-16
square,1.200000000e+00,1.000000000e-01,3.000000000e+01,6.180135519e-09,6.459550903e-06,9.994244370e-01,5.690972854e-04,5.755568363e-04,3.238717202e-07,9.802960494e-03,5.805361408e-02,5.730702516e-02,6.465277645e-04,1.000000000e+00,8.881784197e-16
square,1.200000000e+00,1.000000000e+00,1.000000000e-03,2.499999861e-01,2.499999304e-01,2.500000143e-01,2.500000693e-01,4.999999996e-01,6.250003463e-02,2.500000000e-01,1.000000277e+00,9.999999977e-01,9.999997199e-01,1.000000000e+00,0.000000000e+00
square,1.200000000e+00,1.000000000e+00,1.000000000e-02,2.499986111e-01,2.499930364e-01,2.500014274e-01,2.500069252e-01,4.999999615e-01,6.250346263e-02,2.500000000e-01,1.000027701e+00,9.999997685e-01,9.999719911e-01,1.000000000e+00,2.220446049e-16
square,1.200000000e+00,1.000000000e+00,1.000000000e-01,2.498606085e-01,2.493044856e-01,2.501423070e-01,2.506925989e-01,4.999970845e-01,6.284677917e-02,2.500000000e-01,1.002770396e+00,9.999768521e-01,9.972022103e-01,1.000000000e+00,0.000000000e+00
square,1.200000000e+00,1.000000000e+00,3.000000000e-01,2.487095081e-01,2.438027752e-01,2.512490001e-01,2.562387166e-01,5.000414919e-01,6.565827991e-02,2.500000000e-01,1.024954867e+00,9.997916840e-01,9.750444823e-01,1.000000000e+00,2.220446049e-16
square,1.200000000e+00,1.000000000e+00,1.000000000e+00,2.314983673e-01,1.896046656e-01,2.598318117e-01,3.190651554e-01,5.086698210e-01,1.018025734e-01,2.500000000e-01,1.276260622e+00,9.976873275e-01,7.494732652e-01,1.000000000e+00,2.220446049e-16
square,1.200000000e+00,1.000000000e+00,3.000000000e+00,4.626800810e-02,1.018066095e-01,2.180947311e-01,6.338306513e-01,7.356372608e-01,4.017412945e-01,2.500000000e-01,2.535322605e+00,9.793395049e-01,1.926150253e-02,1.000000000e+00,6.661338148e-16
square,1.200000000e+00,1.000000000e+00,1.000000000e+01,2.173504415e-03,3.839159545e-03,4.429103465e-01,5.510769895e-01,5.549161491e-01,3.036858484e-01,2.500000000e-01,2.204307958e+00,7.889209546e-01,7.753989140e-04,1.000000000e+00,4.440892099e-16
square,1.200000000e+00,1.000000000e+00,3.000000000e+01,2.553956264e-05,6.314477171e-04,9.733751711e-01,2.596784164e-02,2.659928936e-02,6.743287994e-04,2.500000000e-01,1.038713666e-01,5.730702516e-02,6.465277645e-04,1.000000000e+00,6.661338148e-16
square,2.000000000e+00,1.000000000e-02,1.000000000e-03,9.997998495e-09,9.997998426e-05,9.998000300e-01,9.998000092e-05,1.999599852e-04,9.996000584e-09,9.998000300e-05,9.999999792e-01,9.999999792e-01,9.999998125e-01,1.000000000e+00,1.110223025e-16
square,2.000000000e+00,1.000000000e-02,1.000000000e-02,9.997819815e-09,9.997812863e-05,9.998000321e-01,9.997979512e-05,1.999579237e-04,9.995959431e-09,9.998000300e-05,9.999979208e-01,9.999979167e-01,9.999812501e-01,1.000000000e+00,0.000000000e+00
square,2.000000000e+00,1.000000000e-02,1.000000000e-01,9.979966311e-09,9.979270513e-05,9.998002381e-01,9.995921635e-05,1.997519215e-04,9.991844932e-09,9.998000300e-05,9.997920919e-01,9.997916840e-01,9.981264057e-01,1.000000000e+00,3.330669074e-16
square,2.000000000e+00,1.000000000e-02,3.000000000e-01,9.836744814e-09,9.830440043e-05,9.998018927e-01,9.979304504e-05,1.980974455e-04,9.958651839e-09,9.998000300e-05,9.981300465e-01,9.981264057e-01,9.832384953e-01,1.000000000e+00,8.881784197e-16
square,2.000000000e+00,1.000000000e-02,1.000000000e+00,8.332985432e-09,8.258651274e-05,9.998194871e-01,9.791805166e-05,1.805045644e-04,9.587944841e-09,9.998000300e-05,9.793763625e-01,9.793395049e-01,8.260113763e-01,1.000000000e+00,6.661338148e-16
square,2.000000000e+00,1.000000000e-02,3.000000000e+00,1.741968198e-09,1.195795037e-05,9.999054409e-01,8.259937767e-05,9.455732804e-05,6.822657191e-09,9.998000300e-05,8.261589837e-01,8.260113763e-01,1.195847703e-01,1.000000000e+00,4.440892099e-16
square,2.000000000e+00,1.000000000e-02,1.000000000e+01,1.231845716e-11,1.564149076e-06,9.999927055e-01,5.730301095e-06,7.294450171e-06,3.283635064e-11,9.998000300e-05,5.731447212e-02,5.730702516e-02,1.564167034e-02,1.000000000e+00,2.220446049e-16
square,2.000000000e+00,1.000000000e-02,3.000000000e+01,1.882881259e-13,4.688123184e-08,9.999983889e-01,1.564172380e-06,1.611053612e-06,2.446635236e-12,9.998000300e-05,1.564485231e-02,1.564167034e-02,4.688177888e-04,1.000000000e+00,1.998401444e-15
square,2.000000000e+00,1.000000000e-01,1.000000000e-03,9.802958756e-05,9.802958679e-03,9.802960514e-01,9.802960329e-03,1.960591901e-02,9.609803122e-05,9.802960494e-03,9.999999832e-01,9.999999792e-01,9.999998125e-01,1.000000000e+00,2.220446049e-16
square,2.000000000e+00,1.000000000e-01,1.000000000e-02,9.802786682e-05,9.802779003e-03,9.802962491e-01,9.802944018e-03,1.960572302e-02,9.609771142e-05,9.802960494e-03,9.999983193e-01,9.999979167e-01,9.999812501e-01,1.000000000e+00,3.330669074e-16
square,2.000000000e+00,1.000000000e-01,1.000000000e-01,9.785592671e-05,9.784824467e-03,9.803160069e-01,9.801312666e-03,1.958613713e-02,9.606572997e-05,9.802960494e-03,9.998319050e-01,9.997916840e-01,9.981264057e-01,1.000000000e+00,4.440892099e-16
square,2.000000000e+00,1.000000000e-01,3.000000000e-01,9.647620912e-05,9.640685610e-03,9.804747240e-01,9.788114204e-03,1.942879981e-02,9.580717967e-05,9.802960494e-03,9.984855300e-01,9.981264057e-01,9.832384953e-01,1.000000000e+00,1.110223025e-16
square,2.000000000e+00,1.000000000e-01,1.000000000e+00,8.194583192e-05,8.115540975e-03,9.821663566e-01,9.636156586e-03,1.775169756e-02,9.285551375e-05,9.802960494e-03,9.829843333e-01,9.793395049e-01,8.260113763e-01,1.000000000e+00,1.110223025e-16
square,2.000000000e+00,1.000000000e-01,3.000000000e+00,1.729295191e-05,1.190611081e-03,9.905499470e-01,8.242148984e-03,9.432760065e-03,6.793301988e-05,9.802960494e-03,8.407816179e-01,8.260113763e-01,1.195847703e-01,1.000000000e+00,1.110223025e-16
square,2.000000000e+00,1.000000000e-01,1.000000000e+01,1.224938317e-07,1.562385050e-04,9.992745739e-01,5.690650919e-04,7.253035969e-04,3.238350789e-07,9.802960494e-03,5.805033003e-02,5.730702516e-02,1.564167034e-02,1.000000000e+00,9.992007222e-16
square,2.000000000e+00,1.000000000e-01,3.000000000e+01,1.883177991e-09,4.682709627e-06,9.998388453e-01,1.564701041e-04,1.611528137e-04,2.448289346e-08,9.802960494e-03,1.596151531e-02,1.564167034e-02,4.688177888e-04,1.000000000e+00,1.665334537e-15
square,2.000000000e+00,1.000000000e+00,1.000000000e-03,2.499999806e-01,2.499999566e-01,2.500000229e-01,2.500000399e-01,4.999999965e-01,6.250001997e-02,2.500000000e-01,1.000000160e+00,9.999999792e-01,9.999998125e-01,1.000000000e+00,4.440892099e-16
square,2.000000000e+00,1.000000000e+00,1.000000000e-02,2.499980555e-01,2.499956598e-01,2.500022917e-01,2.500039931e-01,4.999996528e-01,6.250199654e-02,2.500000000e-01,1.000015972e+00,9.999979167e-01,9.999812501e-01,1.000000000e+00,2.220446049e-16
square,2.000000000e+00,1.000000000e+00,1.000000000e-01,2.498053572e-01,2.495663203e-01,2.502290504e-01,2.503992721e-01,4.999655924e-01,6.269979545e-02,2.500000000e-01,1.001597088e+00,9.997916840e-01,9.981264057e-01,1.000000000e+00,2.220446049e-16
square,2.000000000e+00,1.000000000e+00,3.000000000e-01,2.482340650e-01,2.461220562e-01,2.520530131e-01,2.535908656e-01,4.997129218e-01,6.430832713e-02,2.500000000e-01,1.014363463e+00,9.981264057e-01,9.832384953e-01,1.000000000e+00,4.440892099e-16
square,2.000000000e+00,1.000000000e+00,1.000000000e+00,2.287825482e-01,2.102165283e-01,2.716598160e-01,2.893411075e-01,4.995576358e-01,8.371827651e-02,2.500000000e-01,1.157364430e+00,9.793395049e-01,8.260113763e-01,1.000000000e+00,2.220446049e-16
square,2.000000000e+00,1.000000000e+00,3.000000000e+00,5.691106206e-02,9.536198308e-02,3.657242728e-01,4.820026821e-01,5.773646652e-01,2.323265855e-01,2.500000000e-01,1.928010728e+00,8.260113763e-01,1.195847703e-01,1.000000000e+00,4.440892099e-16
square,2.000000000e+00,1.000000000e+00,1.000000000e+01,6.964046343e-04,1.486594186e-02,9.588824281e-01,2.555522542e-02,4.042116728e-02,6.530695464e-04,2.500000000e-01,1.022209017e-01,5.730702516e-02,1.564167034e-02,1.000000000e+00,5.551115123e-16
square,2.000000000e+00,1.000000000e+00,3.000000000e+01,1.901367069e-05,4.164144167e-04,9.834564412e-01,1.610813075e-02,1.652454516e-02,2.594718762e-04,2.500000000e-01,6.443252299e-02,1.564167034e-02,4.688177888e-04,1.000000000e+00,4.440892099e-16
sech2,1.000000000e+00,1.000000000e-02,1.000000000e-03,9.997968412e-09,9.997962911e-05,9.998000304e-01,9.997995808e-05,1.999595872e-04,9.995992018e-09,9.998000300e-05,9.999995507e-01,1.000000000e+00,9.999967101e-01,1.000000000e+00,3.730349363e-14
sech2,1.000000000e+00,1.000000000e-02,1.000000000e-02,9.995702712e-09,9.994707468e-05,9.998000630e-01,9.997996530e-05,1.999270400e-04,9.995993460e-09,9.998000300e-05,9.999996229e-01,1.000000000e+00,9.996710781e-01,1.000000000e+00,4.740652315e-14
sech2,1.000000000e+00,1.000000000e-02,1.000000000e-01,9.772264099e-09,9.675487297e-05,9.998032547e-01,9.998067095e-05,1.967355439e-04,9.996134564e-09,9.998000300e-05,1.000006681e+00,1.000000000e+00,9.677406780e-01,1.000000000e+00,3.552713679e-15
sech2,1.000000000e+00,1.000000000e-02,3.000000000e-01,8.172775419e-09,7.497802489e-05,9.998250284e-01,9.998538535e-05,1.749634102e-04,9.997077283e-09,9.998000300e-05,1.000053834e+00,1.000000000e+00,7.499228056e-01,1.000000000e+00,2.775557562e-14
sech2,1.000000000e+00,1.000000000e-02,1.000000000e+00,1.479716325e-09,7.397961782e-06,9.998926031e-01,9.999744564e-05,1.073954074e-04,9.999489134e-09,9.998000300e-05,1.000174461e+00,1.000000000e+00,7.399980675e-02,1.000000000e+00,1.443289932e-14
sech2,1.000000000e+00,1.000000000e-02,3.000000000e+00,2.310828978e-13,2.310097504e-10,9.999000030e-01,9.999678419e-05,9.999701520e-05,9.999356849e-09,9.998000300e-05,1.000167846e+00,1.000000000e+00,2.313897563e-06,1.000000000e+00,2.775557562e-14
sech2,1.000000000e+00,1.000000000e-02,1.000000000e+01,5.020168591e-24,4.972736921e-21,9.999000034e-01,9.999663513e-05,9.999663513e-05,9.999327037e-09,9.998000300e-05,1.000166355e+00,1.000000000e+00,2.036257326e-24,1.000000000e+00,9.103828802e-15
sech2,1.000000000e+00,1.000000000e-02,3.000000000e+01,5.585885908e-25,2.306164256e-21,9.999000034e-01,9.999662318e-05,9.999662318e-05,9.999324648e-09,9.998000300e-05,1.000166235e+00,1.000000000e+00,4.875520823e-78,1.000000000e+00,3.996802889e-14
sech2,1.000000000e+00,1.000000000e-01,1.000000000e-03,9.802929887e-05,9.802924300e-03,9.802960895e-01,9.802956874e-03,1.960588117e-02,9.609796348e-05,9.802960494e-03,9.999996307e-01,1.000000000e+00,9.999967101e-01,1.000000000e+00,3.075317778e-14
sech2,1.000000000e+00,1.000000000e-01,1.000000000e-02,9.800765055e-05,9.799769822e-03,9.802991959e-01,9.803026653e-03,1.960279648e-02,9.609933157e-05,9.802960494e-03,1.000006749e+00,1.000000000e+00,9.996710781e-01,1.000000000e+00,3.519406988e-14
sech2,1.000000000e+00,1.000000000e-01,1.000000000e-01,9.587117009e-05,9.490346215e-03,9.806039262e-01,9.809856463e-03,1.930020268e-02,9.623328382e-05,9.802960494e-03,1.000703458e+00,1.000000000e+00,9.677406780e-01,1.000000000e+00,2.220446049e-15
sech2,1.000000000e+00,1.000000000e-01,3.000000000e-01,8.048945554e-05,7.373934928e-03,9.826899065e-01,9.855669113e-03,1.722960404e-02,9.713421367e-05,9.802960494e-03,1.005376806e+00,1.000000000e+00,7.499228056e-01,1.000000000e+00,1.643130076e-14
sech2,1.000000000e+00,1.000000000e-01,1.000000000e+00,1.475058611e-05,7.371585402e-04,9.892733925e-01,9.974698379e-03,1.071185692e-02,9.949460776e-05,9.802960494e-03,1.017518982e+00,1.000000000e+00,7.399980675e-02,1.000000000e+00,5.218048216e-15
sech2,1.000000000e+00,1.000000000e-01,3.000000000e+00,2.328433748e-09,2.436737263e-08,9.900316516e-01,9.968321656e-03,9.968346023e-03,9.936743664e-05,9.802960494e-03,1.016868492e+00,1.000000000e+00,2.313897563e-06,1.000000000e+00,2.176037128e-14
sech2,1.000000000e+00,1.000000000e-01,1.000000000e+01,4.955378235e-20,4.885156029e-19,9.900331600e-01,9.966840015e-03,9.966840015e-03,9.933789989e-05,9.802960494e-03,1.016717350e+00,1.000000000e+00,2.036257326e-24,1.000000000e+00,1.065814104e-14
sech2,1.000000000e+00,1.000000000e-01,3.000000000e+01,5.547417456e-21,2.261500186e-19,9.900332787e-01,9.966721336e-03,9.966721336e-03,9.933553418e-05,9.802960494e-03,1.016705243e+00,1.000000000e+00,4.875520823e-78,1.000000000e+00,2.842170943e-14
sech2,1.000000000e+00,1.000000000e+00,1.000000000e-03,2.499998150e-01,2.499991775e-01,2.500001850e-01,2.500008225e-01,5.000000000e-01,6.250041126e-02,2.500000000e-01,1.000003290e+00,1.000000000e+00,9.999967101e-01,1.000000000e+00,1.176836406e-14
sech2,1.000000000e+00,1.000000000e+00,1.000000000e-02,2.499926333e-01,2.499177674e-01,2.500073533e-01,2.500822460e-01,5.000000134e-01,6.254112977e-02,2.500000000e-01,1.000328984e+00,1.000000000e+00,9.996710781e-01,1.000000000e+00,1.598721155e-14
sech2,1.000000000e+00,1.000000000e+00,1.000000000e-01,2.492081357e-01,2.419576164e-01,2.506601213e-01,2.581741266e-01,5.001317430e-01,6.665387964e-02,2.500000000e-01,1.032696506e+00,1.000000000e+00,9.677406780e-01,1.000000000e+00,1.332267630e-15
sech2,1.000000000e+00,1.000000000e+00,3.000000000e-01,2.389152523e-01,1.896976239e-01,2.520014947e-01,3.193856291e-01,5.090832530e-01,1.020071800e-01,2.500000000e-01,1.277542516e+00,1.000000000e+00,7.499228056e-01,1.000000000e+00,5.551115123e-15
sech2,1.000000000e+00,1.000000000e+00,1.000000000e+00,8.868184769e-02,6.642508033e-02,2.136242573e-01,6.312688147e-01,6.976938950e-01,3.985003164e-01,2.500000000e-01,2.525075259e+00,1.000000000e+00,7.399980675e-02,1.000000000e+00,5.551115123e-15
sech2,1.000000000e+00,1.000000000e+00,3.000000000e+00,5.406942427e-05,5.490788805e-05,2.841202726e-01,7.157707501e-01,7.158256580e-01,5.123277667e-01,2.500000000e-01,2.863083000e+00,1.000000000e+00,2.313897563e-06,1.000000000e+00,9.769962617e-15
sech2,1.000000000e+00,1.000000000e+00,1.000000000e+01,1.068931477e-16,2.347229739e-16,2.913143123e-01,7.086856877e-01,7.086856877e-01,5.022354039e-01,2.500000000e-01,2.834742751e+00,1.000000000e+00,2.036257326e-24,1.000000000e+00,1.176836406e-14
sech2,1.000000000e+00,1.000000000e+00,3.000000000e+01,1.161924647e-17,1.846175279e-17,2.918593564e-01,7.081406436e-01,7.081406436e-01,5.014631711e-01,2.500000000e-01,2.832562574e+00,1.000000000e+00,4.875520823e-78,1.000000000e+00,1.110223025e-14
sech2,1.200000000e+00,1.000000000e-02,1.000000000e-03,9.997970381e-09,9.997968164e-05,9.998000304e-01,9.997995579e-05,1.999596374e-04,9.995991559e-09,9.998000300e-05,9.999995278e-01,9.999999772e-01,9.999972356e-01,1.000000000e+00,3.663735981e-14
sech2,1.200000000e+00,1.000000000e-02,1.000000000e-02,9.995899586e-09,9.995232603e-05,9.998000579e-01,9.997973570e-05,1.999320617e-04,9.995947550e-09,9.998000300e-05,9.999973264e-01,9.999977154e-01,9.997236055e-01,1.000000000e+00,4.640732243e-14
sech2,1.200000000e+00,1.000000000e-02,1.000000000e-01,9.791383662e-09,9.726152845e-05,9.998027710e-01,9.995771877e-05,1.972192472e-04,9.991545541e-09,9.998000300e-05,9.997771131e-01,9.997715682e-01,9.728085181e-01,1.000000000e+00,1.332267630e-15
sech2,1.200000000e+00,1.000000000e-02,3.000000000e-01,8.309427194e-09,7.842127049e-05,9.998217911e-01,9.977930707e-05,1.782005776e-04,9.955910119e-09,9.998000300e-05,9.979926393e-01,9.979463666e-01,7.843623609e-01,1.000000000e+00,2.309263891e-14
sech2,1.200000000e+00,1.000000000e-02,1.000000000e+00,1.660695465e-09,1.052108145e-05,9.998917338e-01,9.774343855e-05,1.082645200e-04,9.553779780e-09,9.998000300e-05,9.776298822e-01,9.774634911e-01,1.052369963e-01,1.000000000e+00,1.221245327e-14
sech2,1.200000000e+00,1.000000000e-02,3.000000000e+00,3.130746925e-13,9.339808749e-10,9.999182563e-01,8.174273217e-05,8.174366615e-05,6.681874263e-09,9.998000300e-05,8.175908154e-01,8.174649769e-01,9.353091983e-06,1.000000000e+00,3.241851232e-14
sech2,1.200000000e+00,1.000000000e-02,1.000000000e+01,8.813880838e-25,4.721406671e-20,9.999852552e-01,1.474475928e-05,1.474475928e-05,2.174079261e-10,9.998000300e-05,1.474770838e-01,1.474589885e-01,3.215260224e-22,1.000000000e+00,5.995204333e-15
sech2,1.200000000e+00,1.000000000e-02,3.000000000e+01,2.436328203e-29,1.345850086e-22,9.999999963e-01,3.716912295e-09,3.716912295e-09,1.381543701e-17,9.998000300e-05,3.717655715e-05,3.718417204e-05,2.718477001e-71,1.000000000e+00,3.796962744e-14
sech2,1.200000000e+00,1.000000000e-01,1.000000000e-03,9.802931727e-05,9.802929392e-03,9.802960848e-01,9.802956537e-03,1.960588593e-02,9.609795687e-05,9.802960494e-03,9.999995964e-01,9.999999772e-01,9.999972356e-01,1.000000000e+00,3.341771304e-14
sech2,1.200000000e+00,1.000000000e-01,1.000000000e-02,9.800948987e-05,9.800278845e-03,9.802987187e-01,9.802992951e-03,1.960327180e-02,9.609867080e-05,9.802960494e-03,1.000003311e+00,9.999977154e-01,9.997236055e-01,1.000000000e+00,3.808064974e-14
sech2,1.200000000e+00,1.000000000e-01,1.000000000e-01,9.605013216e-05,9.539487339e-03,9.805579338e-01,9.806528699e-03,1.934601604e-02,9.616800513e-05,9.802960494e-03,1.000363993e+00,9.997715682e-01,9.728085181e-01,1.000000000e+00,1.887379142e-15
sech2,1.200000000e+00,1.000000000e-01,3.000000000e-01,8.178514998e-05,7.709336673e-03,9.823806061e-01,9.828272086e-03,1.753760876e-02,9.659493219e-05,9.802960494e-03,1.002582035e+00,9.979463666e-01,7.843623609e-01,1.000000000e+00,1.865174681e-14
sech2,1.200000000e+00,1.000000000e-01,1.000000000e+00,1.653823883e-05,1.046859798e-03,9.891896433e-01,9.746958674e-03,1.079381847e-02,9.500320340e-05,9.802960494e-03,9.942872544e-01,9.774634911e-01,1.052369963e-01,1.000000000e+00,9.880984919e-15
sech2,1.200000000e+00,1.000000000e-01,3.000000000e+00,3.136251887e-09,9.707034766e-08,9.918510654e-01,8.148834408e-03,8.148931478e-03,6.640350220e-05,9.802960494e-03,8.312625979e-01,8.174649769e-01,9.353091983e-06,1.000000000e+00,2.309263891e-14
sech2,1.200000000e+00,1.000000000e-01,1.000000000e+01,8.768301820e-21,4.710285183e-18,9.985307767e-01,1.469223281e-03,1.469223281e-03,2.158617050e-06,9.802960494e-03,1.498754669e-01,1.474589885e-01,3.215260224e-22,1.000000000e+00,1.221245327e-14
sech2,1.200000000e+00,1.000000000e-01,3.000000000e+01,2.464125924e-25,1.344722004e-20,9.999996305e-01,3.694816260e-07,3.694816260e-07,1.365166719e-13,9.802960494e-03,3.769082067e-05,3.718417204e-05,2.718477001e-71,1.000000000e+00,2.553512957e-14
sech2,1.200000000e+00,1.000000000e+00,1.000000000e-03,2.499997849e-01,2.499993128e-01,2.500002186e-01,2.500006837e-01,4.999999965e-01,6.250034184e-02,2.500000000e-01,1.000002735e+00,9.999999772e-01,9.999972356e-01,1.000000000e+00,1.287858709e-14
sech2,1.200000000e+00,1.000000000e+00,1.000000000e-02,2.499896259e-01,2.499312968e-01,2.500107121e-01,2.500683652e-01,4.999996620e-01,6.253418729e-02,2.500000000e-01,1.000273461e+00,9.999977154e-01,9.997236055e-01,1.000000000e+00,1.376676551e-14
sech2,1.200000000e+00,1.000000000e+00,1.000000000e-01,2.489267276e-01,2.432567397e-01,2.510167318e-01,2.567998009e-01,5.000565406e-01,6.594613774e-02,2.500000000e-01,1.027199204e+00,9.997715682e-01,9.728085181e-01,1.000000000e+00,1.998401444e-15
sech2,1.200000000e+00,1.000000000e+00,3.000000000e-01,2.374960702e-01,1.979205383e-01,2.563664324e-01,3.082169591e-01,5.061374974e-01,9.499769386e-02,2.500000000e-01,1.232867836e+00,9.979463666e-01,7.843623609e-01,1.000000000e+00,7.105427358e-15
sech2,1.200000000e+00,1.000000000e+00,1.000000000e+00,8.787264943e-02,7.445926108e-02,2.460518409e-01,5.916162486e-01,6.660755097e-01,3.500097856e-01,2.500000000e-01,2.366464994e+00,9.774634911e-01,1.052369963e-01,1.000000000e+00,9.992007222e-15
sech2,1.200000000e+00,1.000000000e+00,3.000000000e+00,5.319000814e-05,1.436409826e-04,4.141419075e-01,5.856612615e-01,5.858049025e-01,3.429991132e-01,2.500000000e-01,2.342645046e+00,8.174649769e-01,9.353091983e-06,1.000000000e+00,7.327471963e-15
sech2,1.200000000e+00,1.000000000e+00,1.000000000e+01,5.505799643e-17,4.103315247e-16,8.987615251e-01,1.012384749e-01,1.012384749e-01,1.024922880e-02,2.500000000e-01,4.049538995e-01,1.474589885e-01,3.215260224e-22,1.000000000e+00,1.310063169e-14
sech2,1.200000000e+00,1.000000000e+00,3.000000000e+01,1.282096428e-21,1.234270134e-18,9.999808325e-01,1.916746033e-05,1.916746033e-05,3.673915355e-10,2.500000000e-01,7.666984132e-05,3.718417204e-05,2.718477001e-71,1.000000000e+00,1.598721155e-14
sech2,2.000000000e+00,1.000000000e-02,1.000000000e-03,9.997973245e-09,9.997977301e-05,9.998000303e-01,9.997993749e-05,1.999597105e-04,9.995987901e-09,9.998000300e-05,9.999993448e-01,9.999997944e-01,9.999981495e-01,1.000000000e+00,3.996802889e-14
sech2,2.000000000e+00,1.000000000e-02,1.000000000e-02,9.996185933e-09,9.996145970e-05,9.998000506e-01,9.997790623e-05,1.999393659e-04,9.995581733e-09,9.998000300e-05,9.999790281e-01,9.999794386e-01,9.998149655e-01,1.000000000e+00,4.851674618e-14
sech2,2.000000000e+00,1.000000000e-02,1.000000000e-01,9.819283254e-09,9.815027640e-05,9.998020649e-01,9.977502475e-05,1.979253012e-04,9.955055565e-09,9.998000300e-05,9.979498076e-01,9.979463666e-01,9.816981674e-01,1.000000000e+00,2.220446049e-15
sech2,2.000000000e+00,1.000000000e-02,3.000000000e-01,8.513727973e-09,8.486978155e-05,9.998169684e-01,9.815325922e-05,1.830230408e-04,9.634062295e-09,9.998000300e-05,9.817289085e-01,9.816981674e-01,8.488604075e-01,1.000000000e+00,2.442490654e-14
sech2,2.000000000e+00,1.000000000e-02,1.000000000e+00,1.969831855e-09,2.030790956e-05,9.998979482e-01,8.174194520e-05,1.020498548e-04,6.681745606e-09,9.998000300e-05,8.175829441e-01,8.174649769e-01,2.031214457e-01,1.000000000e+00,1.232347557e-14
sech2,2.000000000e+00,1.000000000e-02,3.000000000e+00,4.453099614e-13,1.447209530e-08,9.999796767e-01,2.030881297e-05,2.032328507e-05,4.124478844e-10,9.998000300e-05,2.031287494e-01,2.031214457e-01,1.448877974e-04,1.000000000e+00,3.264055692e-14
sech2,2.000000000e+00,1.000000000e-02,1.000000000e+01,4.075055945e-28,2.783017488e-20,9.999999963e-01,3.716928037e-09,3.716928037e-09,1.381555403e-17,9.998000300e-05,3.717671460e-05,3.718417204e-05,7.600408866e-18,1.000000000e+00,1.110223025e-14
sech2,2.000000000e+00,1.000000000e-02,3.000000000e+01,2.095424197e-30,9.400448539e-21,1.000000000e+00,2.782848358e-20,3.722893212e-20,7.744244982e-40,9.998000300e-05,2.783404955e-16,7.600408866e-18,8.012883897e-58,1.000000000e+00,4.218847494e-14
sech2,2.000000000e+00,1.000000000e-01,1.000000000e-03,9.802934379e-05,9.802938258e-03,9.802960779e-01,9.802954546e-03,1.960589280e-02,9.609791782e-05,9.802960494e-03,9.999993932e-01,9.999997944e-01,9.999981495e-01,1.000000000e+00,3.397282455e-14
sech2,2.000000000e+00,1.000000000e-01,1.000000000e-02,9.801214159e-05,9.801165274e-03,9.802980288e-01,9.802793808e-03,1.960395908e-02,9.609476644e-05,9.802960494e-03,9.999829963e-01,9.999794386e-01,9.998149655e-01,1.000000000e+00,3.752553823e-14
sech2,2.000000000e+00,1.000000000e-01,1.000000000e-01,9.630891820e-05,9.625781691e-03,9.804912188e-01,9.786690592e-03,1.941247228e-02,9.577931275e-05,9.802960494e-03,9.983403073e-01,9.979463666e-01,9.816981674e-01,1.000000000e+00,4.884981308e-15
sech2,2.000000000e+00,1.000000000e-01,3.000000000e-01,8.370237019e-05,8.337606721e-03,9.819239638e-01,9.654727146e-03,1.799233387e-02,9.321375626e-05,9.802960494e-03,9.848787161e-01,9.816981674e-01,8.488604075e-01,1.000000000e+00,1.731947918e-14
sech2,2.000000000e+00,1.000000000e-01,1.000000000e+00,1.957983024e-05,2.015848063e-03,9.898238271e-01,8.140744985e-03,1.015659305e-02,6.627172891e-05,9.802960494e-03,8.304373959e-01,8.174649769e-01,2.031214457e-01,1.000000000e+00,9.103828802e-15
sech2,2.000000000e+00,1.000000000e-01,3.000000000e+00,4.419023327e-09,1.456157296e-06,9.979736658e-01,2.024873611e-03,2.026329768e-03,4.100113139e-06,9.802960494e-03,2.065573570e-01,2.031214457e-01,1.448877974e-04,1.000000000e+00,2.686739720e-14
sech2,2.000000000e+00,1.000000000e-01,1.000000000e+01,3.222488078e-24,2.790350686e-18,9.999996304e-01,3.696383510e-07,3.696383510e-07,1.366325105e-13,9.802960494e-03,3.770680819e-05,3.718417204e-05,7.600408866e-18,1.000000000e+00,9.547918012e-15
sech2,2.000000000e+00,1.000000000e-01,3.000000000e+01,4.156387082e-30,9.400792697e-19,1.000000000e+00,2.773227106e-18,3.713306376e-18,7.690788583e-36,9.802960494e-03,2.828968971e-16,7.600408866e-18,8.012883897e-58,1.000000000e+00,3.641531521e-14
sech2,2.000000000e+00,1.000000000e+00,1.000000000e-03,2.499997217e-01,2.499995731e-01,2.500003095e-01,2.500003956e-01,4.999999687e-01,6.250019781e-02,2.500000000e-01,1.000001583e+00,9.999997944e-01,9.999981495e-01,1.000000000e+00,1.354472090e-14
sech2,2.000000000e+00,1.000000000e+00,1.000000000e-02,2.499833084e-01,2.499573172e-01,2.500198137e-01,2.500395607e-01,4.999968779e-01,6.251978189e-02,2.500000000e-01,1.000158243e+00,9.999794386e-01,9.998149655e-01,1.000000000e+00,1.620925616e-14
sech2,2.000000000e+00,1.000000000e+00,1.000000000e-01,2.483258746e-01,2.457840986e-01,2.519561381e-01,2.539338887e-01,4.997179873e-01,6.448241984e-02,2.500000000e-01,1.015735555e+00,9.979463666e-01,9.816981674e-01,1.000000000e+00,1.887379142e-15
sech2,2.000000000e+00,1.000000000e+00,3.000000000e-01,2.339729928e-01,2.156674011e-01,2.666264732e-01,2.837331329e-01,4.994005340e-01,8.050449072e-02,2.500000000e-01,1.134932532e+00,9.816981674e-01,8.488604075e-01,1.000000000e+00,6.661338148e-15
sech2,2.000000000e+00,1.000000000e+00,1.000000000e+00,8.731449881e-02,9.134841738e-02,3.757953850e-01,4.455416989e-01,5.368901162e-01,1.985074054e-01,2.500000000e-01,1.782166795e+00,8.174649769e-01,2.031214457e-01,1.000000000e+00,1.176836406e-14
sech2,2.000000000e+00,1.000000000e+00,3.000000000e+00,2.587009463e-05,4.615895662e-04,8.530707425e-01,1.464417978e-01,1.469033874e-01,2.144520015e-02,2.500000000e-01,5.857671913e-01,2.031214457e-01,1.448877974e-04,1.000000000e+00,1.332267630e-14
sech2,2.000000000e+00,1.000000000e+00,1.000000000e+01,3.427597704e-20,1.067932835e-15,9.999798524e-01,2.014758117e-05,2.014758117e-05,4.059250269e-10,2.500000000e-01,8.059032467e-05,3.718417204e-05,7.600408866e-18,1.000000000e+00,1.088018564e-14
sech2,2.000000000e+00,1.000000000e+00,3.000000000e+01,9.673023224e-30,9.434744418e-17,1.000000000e+00,2.024912937e-16,2.968387378e-16,4.100272401e-32,2.500000000e-01,8.099651746e-16,7.600408866e-18,8.012883897e-58,1.000000000e+00,1.620925616e-14
